ID	Description	GeneRatio	BgRatio	pvalue	p.adjust	qvalue	geneID	Count
GO:0005975	GO:0005975	carbohydrate metabolic process	70/608	240/5607	9.73577387126771e-16	1.33574817513793e-12	1.19288850380585e-12	YAL017W/YBR018C/YBR019C/YBR053C/YBR056W/YBR105C/YBR126C/YCL040W/YCR005C/YCR036W/YDL021W/YDR001C/YDR009W/YDR074W/YDR516C/YEL011W/YEL012W/YEL070W/YER054C/YER062C/YFL053W/YFR003C/YFR017C/YFR053C/YGL062W/YGL156W/YGR043C/YGR066C/YGR248W/YGR254W/YGR256W/YHL012W/YHR104W/YIL097W/YIL099W/YIL107C/YIL155C/YJL034W/YJL052W/YJL089W/YJL155C/YJR096W/YKL035W/YKL085W/YKR097W/YLL026W/YLR070C/YLR258W/YLR307W/YLR345W/YML070W/YML100W/YMR105C/YMR196W/YMR261C/YMR280C/YMR311C/YMR323W/YNL009W/YNL117W/YNR001C/YOL132W/YOR120W/YOR178C/YOR347C/YOR393W/YPR001W/YPR026W/YPR160W/YPR184W	70
GO:1901565	GO:1901565	organonitrogen compound catabolic process	86/608	393/5607	3.17220179382390e-11	2.1761304305632e-08	1.94339099369001e-08	YAL005C/YBL022C/YBL075C/YBR006W/YBR062C/YBR105C/YBR114W/YBR169C/YBR170C/YBR173C/YBR183W/YBR280C/YCL044C/YCL064C/YDL097C/YDL126C/YDL147W/YDL238C/YDR059C/YDR330W/YDR358W/YDR363W-A/YDR380W/YDR394W/YEL012W/YEL060C/YER098W/YER143W/YFL044C/YFR004W/YFR010W/YFR050C/YFR052W/YGL010W/YGL011C/YGL141W/YGL248W/YGR019W/YGR023W/YGR048W/YGR066C/YGR087C/YGR225W/YGR253C/YHR137W/YIL097W/YIL101C/YIR025W/YIR027C/YIR028W/YJL034W/YJL048C/YJR078W/YJR148W/YKL015W/YKL218C/YLL039C/YLR024C/YLR142W/YLR205C/YLR307W/YLR438W/YML088W/YMR020W/YMR067C/YMR169C/YMR170C/YMR174C/YMR184W/YMR250W/YMR303C/YMR304W/YNL155W/YNR001C/YOL038W/YOL082W/YOR003W/YOR007C/YOR261C/YOR362C/YPL052W/YPL087W/YPL154C/YPR108W/YPR127W/YPR151C	86
GO:0044282	GO:0044282	small molecule catabolic process	44/608	144/5607	5.22703158978103e-11	2.39049578039319e-08	2.13482974403688e-08	YBR006W/YBR018C/YBR019C/YCL064C/YCR036W/YDR272W/YDR380W/YDR533C/YFL053W/YGL010W/YGL156W/YGL205W/YGR019W/YGR087C/YGR256W/YHR104W/YHR137W/YIL101C/YIL155C/YIL160C/YJR078W/YJR096W/YJR148W/YKL015W/YKR009C/YLR070C/YLR142W/YLR438W/YML004C/YML070W/YMR105C/YMR250W/YMR303C/YMR322C/YNL009W/YNL202W/YNL274C/YOR040W/YOR120W/YOR388C/YOR391C/YPL280W/YPR001W/YPR127W	44
GO:0032787	GO:0032787	monocarboxylic acid metabolic process	46/608	159/5607	1.49250609072763e-10	5.11929589119576e-08	4.57178181475515e-08	YAL054C/YBR006W/YBR026C/YCL040W/YDL021W/YDR272W/YDR516C/YDR533C/YEL071W/YER024W/YFR053C/YGL010W/YGL062W/YGL205W/YGR019W/YGR254W/YGR256W/YIL160C/YJL052W/YKL218C/YKR009C/YLR345W/YML004C/YML042W/YML054C/YMR020W/YMR169C/YMR170C/YMR322C/YMR323W/YNL009W/YNL117W/YNL202W/YNL274C/YOR040W/YOR100C/YOR221C/YOR317W/YOR347C/YOR374W/YOR388C/YOR391C/YOR393W/YPL280W/YPR001W/YPR002W	46
GO:0016052	GO:0016052	carbohydrate catabolic process	31/608	87/5607	5.9269584583423e-10	1.62635740096913e-07	1.45241676747588e-07	YBR018C/YBR019C/YBR056W/YCL040W/YCR036W/YDL021W/YDR001C/YDR516C/YFL053W/YFR017C/YFR053C/YGL156W/YGR254W/YGR256W/YHR104W/YIL099W/YIL155C/YJL052W/YJR096W/YLR070C/YLR307W/YLR345W/YML070W/YMR105C/YMR323W/YOR120W/YOR347C/YOR393W/YPR026W/YPR160W/YPR184W	31
GO:0006091	GO:0006091	generation of precursor metabolites and energy	54/608	214/5607	1.02747257574768e-09	2.34948728987637e-07	2.09820715468474e-07	YAL017W/YAL054C/YBR026C/YBR117C/YCL035C/YCL040W/YCR005C/YDL021W/YDL085W/YDR031W/YDR513W/YDR516C/YEL011W/YEL039C/YER054C/YER067W/YFL053W/YFR003C/YFR017C/YFR053C/YGR043C/YGR248W/YGR254W/YGR256W/YHL012W/YIL066C/YIL099W/YIL111W/YJL045W/YJL052W/YJL116C/YKL035W/YKL085W/YKR046C/YLR258W/YLR345W/YML070W/YMR030W/YMR105C/YMR118C/YMR311C/YMR315W/YMR323W/YNL009W/YNL117W/YNR001C/YOL071W/YOR178C/YOR347C/YOR374W/YOR393W/YPR001W/YPR160W/YPR184W	54
GO:0006979	GO:0006979	response to oxidative stress	35/608	126/5607	7.89332403965333e-08	1.21374769244887e-05	1.08393610097475e-05	YBL022C/YBL064C/YBR006W/YBR024W/YBR046C/YBR126C/YCL026C-B/YCL035C/YCR021C/YCR083W/YDL124W/YDR231C/YDR453C/YDR513W/YDR533C/YFL014W/YGR023W/YGR043C/YGR088W/YGR097W/YHR008C/YHR104W/YIL101C/YJR096W/YKL026C/YKL086W/YKL150W/YLR205C/YML007W/YMR250W/YOL052C-A/YOL081W/YOR120W/YOR351C/YPL196W	35
GO:0006089	GO:0006089	lactate metabolic process	9/608	11/5607	8.8300471724961e-08	1.21374769244887e-05	1.08393610097475e-05	YDR272W/YDR533C/YEL071W/YML004C/YML054C/YMR322C/YOR040W/YOR391C/YPL280W	9
GO:0046185	GO:0046185	aldehyde catabolic process	9/608	11/5607	8.8300471724961e-08	1.21374769244887e-05	1.08393610097475e-05	YDR272W/YDR533C/YML004C/YMR110C/YMR322C/YNL274C/YOR040W/YOR391C/YPL280W	9
GO:0034599	GO:0034599	cellular response to oxidative stress	32/608	110/5607	8.84655752513753e-08	1.21374769244887e-05	1.08393610097475e-05	YBL022C/YBL064C/YBR006W/YBR024W/YBR046C/YBR126C/YCL026C-B/YCL035C/YCR021C/YCR083W/YDL124W/YDR453C/YDR513W/YDR533C/YFL014W/YGR023W/YGR043C/YGR097W/YHR008C/YHR104W/YIL101C/YJR096W/YKL026C/YKL086W/YKL150W/YML007W/YMR250W/YOL052C-A/YOL081W/YOR120W/YOR351C/YPL196W	32
GO:0005991	GO:0005991	trehalose metabolic process	9/608	12/5607	3.19250660582103e-07	3.98192642107859e-05	3.5560552049528e-05	YBR126C/YDR001C/YDR074W/YKL035W/YLL026W/YML100W/YMR105C/YMR261C/YPR026W	9
GO:0016051	GO:0016051	carbohydrate biosynthetic process	27/608	89/5607	3.59696336189029e-07	4.1125281104279e-05	3.67268890635114e-05	YAL017W/YBR053C/YBR105C/YBR126C/YDR074W/YEL011W/YEL012W/YER054C/YER062C/YFR017C/YGL062W/YGR066C/YIL097W/YJL034W/YJL052W/YJL089W/YKL035W/YKR097W/YLR070C/YLR258W/YML100W/YMR105C/YMR261C/YMR311C/YOL132W/YOR178C/YPR184W	27
GO:0042182	GO:0042182	ketone catabolic process	8/608	10/5607	6.75753770290674e-07	7.13180132952927e-05	6.3690476811202e-05	YDR272W/YDR533C/YHR137W/YML004C/YMR322C/YOR040W/YOR391C/YPL280W	8
GO:0044092	GO:0044092	negative regulation of molecular function	27/608	94/5607	1.20514683893497e-06	0.000111157875811462	9.92694241557017e-05	YBR170C/YBR214W/YCR021C/YDL126C/YDL130W-A/YDL181W/YDR014W-A/YER179W/YFR003C/YFR017C/YGR048W/YHR071W/YHR138C/YIL033C/YIL113W/YIR025W/YKL117W/YKL193C/YLR178C/YMR174C/YMR311C/YNL015W/YNL250W/YOR027W/YOR173W/YPL052W/YPR007C	27
GO:0005996	GO:0005996	monosaccharide metabolic process	24/608	78/5607	1.21528289881336e-06	0.000111157875811462	9.92694241557017e-05	YBR018C/YBR019C/YBR053C/YBR105C/YCL040W/YCR036W/YDR009W/YEL012W/YFR053C/YGL062W/YGL156W/YGR066C/YHR104W/YIL097W/YIL107C/YJL052W/YJL089W/YJL155C/YJR096W/YKR097W/YLR070C/YLR345W/YMR105C/YOR120W	24
GO:0062197	GO:0062197	cellular response to chemical stress	38/608	160/5607	1.75380432169824e-06	0.000150388720585624	0.000134304488845839	YAL005C/YAL028W/YAL053W/YBL022C/YBL064C/YBR006W/YBR024W/YBR046C/YBR072W/YBR126C/YCL026C-B/YCL035C/YCR021C/YCR083W/YDL124W/YDR453C/YDR513W/YDR533C/YFL014W/YGR023W/YGR043C/YGR097W/YHR008C/YHR104W/YIL101C/YJR096W/YKL026C/YKL086W/YKL103C/YKL150W/YLL026W/YML007W/YMR250W/YOL052C-A/YOL081W/YOR120W/YOR351C/YPL196W	38
GO:0070887	GO:0070887	cellular response to chemical stimulus	73/608	397/5607	2.18074347760144e-06	0.000175998826545246	0.00015717556705437	YAL005C/YAL028W/YAL053W/YBL022C/YBL064C/YBL075C/YBR006W/YBR024W/YBR046C/YBR072W/YBR126C/YBR170C/YCL026C-B/YCL035C/YCR021C/YCR083W/YCR091W/YDL124W/YDL126C/YDR001C/YDR009W/YDR453C/YDR513W/YDR533C/YER103W/YFL014W/YFL044C/YFL053W/YGL248W/YGR008C/YGR023W/YGR043C/YGR048W/YGR088W/YGR097W/YHR008C/YHR030C/YHR104W/YIL101C/YIL160C/YIR038C/YJL034W/YJL089W/YJR096W/YKL026C/YKL086W/YKL103C/YKL150W/YKL178C/YKR034W/YKR076W/YLL026W/YLR024C/YLR259C/YLR299W/YML007W/YML070W/YML088W/YMR175W/YMR250W/YMR280C/YNL155W/YNL305C/YNL335W/YOL052C-A/YOL081W/YOR052C/YOR120W/YOR351C/YPL187W/YPL196W/YPL230W/YPR026W	73
GO:0030163	GO:0030163	protein catabolic process	57/608	287/5607	2.71222672846516e-06	0.00019637812840874	0.000175375281162938	YAL005C/YBL022C/YBL075C/YBR062C/YBR105C/YBR114W/YBR169C/YBR170C/YBR173C/YBR280C/YCL044C/YDL097C/YDL126C/YDL147W/YDR059C/YDR330W/YDR358W/YDR363W-A/YDR394W/YEL012W/YEL060C/YER098W/YER143W/YFL044C/YFR004W/YFR010W/YFR050C/YFR052W/YGL011C/YGL141W/YGR023W/YGR048W/YGR066C/YGR225W/YGR253C/YIL097W/YIR025W/YJL034W/YJL048C/YLL039C/YLR024C/YML088W/YMR067C/YMR174C/YMR184W/YMR304W/YNL155W/YOL038W/YOL082W/YOR003W/YOR007C/YOR261C/YOR362C/YPL052W/YPL154C/YPR108W/YPR151C	57
GO:0006112	GO:0006112	energy reserve metabolic process	15/608	37/5607	2.71952218641841e-06	0.00019637812840874	0.000175375281162938	YAL017W/YEL011W/YER054C/YER067W/YFR003C/YFR017C/YHL012W/YIL099W/YKL035W/YLR258W/YMR105C/YMR311C/YOR178C/YPR160W/YPR184W	15
GO:0043934	GO:0043934	sporulation	38/608	165/5607	3.89398347035727e-06	0.000267127266066509	0.000238557724183993	YAL018C/YCL048W/YCR045C/YDL222C/YDR218C/YDR512C/YDR516C/YEL060C/YER096W/YER179W/YGL170C/YGR225W/YHL024W/YHR139C/YIL073C/YIL099W/YJL037W/YJL038C/YJL048C/YJL103C/YKL096W/YLR054C/YLR307W/YML066C/YMR067C/YNL012W/YNL194C/YNL196C/YNL202W/YOL047C/YOL048C/YOL071W/YOL132W/YOR177C/YOR208W/YOR255W/YOR338W/YPL027W	38
GO:0015980	GO:0015980	energy derivation by oxidation of organic compounds	36/608	153/5607	4.15753375949308e-06	0.000271625538953548	0.000242574902057642	YAL017W/YAL054C/YBR026C/YCR005C/YDL085W/YDR031W/YEL011W/YEL039C/YER054C/YER067W/YFL053W/YFR003C/YFR017C/YHL012W/YIL066C/YIL099W/YIL111W/YJL045W/YJL116C/YKL035W/YKL085W/YKR046C/YLR258W/YML070W/YMR030W/YMR105C/YMR118C/YMR311C/YNL009W/YNL117W/YNR001C/YOL071W/YOR178C/YPR001W/YPR160W/YPR184W	36
GO:0030435	GO:0030435	sporulation resulting in formation of a cellular spore	37/608	161/5607	5.51399195333249e-06	0.000343872589089645	0.000307095054243015	YAL018C/YCL048W/YCR045C/YDL222C/YDR218C/YDR512C/YDR516C/YEL060C/YER096W/YER179W/YGL170C/YGR225W/YHL024W/YHR139C/YIL073C/YIL099W/YJL037W/YJL038C/YJL048C/YJL103C/YKL096W/YLR054C/YLR307W/YML066C/YMR067C/YNL012W/YNL194C/YNL196C/YNL202W/YOL047C/YOL048C/YOL071W/YOL132W/YOR177C/YOR255W/YOR338W/YPL027W	37
GO:0005977	GO:0005977	glycogen metabolic process	14/608	35/5607	7.09781813738928e-06	0.0004234002819347	0.000378117176746962	YAL017W/YEL011W/YER054C/YFR003C/YFR017C/YHL012W/YIL099W/YKL035W/YLR258W/YMR105C/YMR311C/YOR178C/YPR160W/YPR184W	14
GO:0043161	GO:0043161	proteasome-mediated ubiquitin-dependent protein catabolic process	35/608	152/5607	9.46572881854167e-06	0.000522116926342315	0.000466275972274401	YAL005C/YBR105C/YBR169C/YBR170C/YBR280C/YDL126C/YDL147W/YDR330W/YDR363W-A/YEL012W/YFL044C/YFR004W/YFR010W/YFR050C/YFR052W/YGL011C/YGL141W/YGR048W/YGR066C/YGR225W/YGR253C/YIL097W/YIR025W/YJL034W/YLR024C/YML088W/YMR067C/YMR184W/YNL155W/YOL038W/YOL082W/YOR007C/YOR261C/YOR362C/YPR108W	35
GO:0051603	GO:0051603	proteolysis involved in protein catabolic process	52/608	264/5607	9.74997277967534e-06	0.000522116926342315	0.000466275972274401	YAL005C/YBL022C/YBL075C/YBR062C/YBR105C/YBR114W/YBR169C/YBR170C/YBR173C/YBR280C/YCL044C/YDL097C/YDL126C/YDL147W/YDR059C/YDR330W/YDR358W/YDR363W-A/YDR394W/YEL012W/YER098W/YER143W/YFL044C/YFR004W/YFR010W/YFR050C/YFR052W/YGL011C/YGL141W/YGR048W/YGR066C/YGR225W/YGR253C/YIL097W/YIR025W/YJL034W/YJL048C/YLL039C/YLR024C/YML088W/YMR067C/YMR184W/YMR304W/YNL155W/YOL038W/YOL082W/YOR007C/YOR261C/YOR362C/YPL052W/YPL154C/YPR108W	52
GO:0010498	GO:0010498	proteasomal protein catabolic process	37/608	165/5607	1.00737851123133e-05	0.000522116926342315	0.000466275972274401	YAL005C/YBR105C/YBR169C/YBR170C/YBR280C/YDL126C/YDL147W/YDR330W/YDR363W-A/YDR394W/YEL012W/YFL044C/YFR004W/YFR010W/YFR050C/YFR052W/YGL011C/YGL141W/YGR048W/YGR066C/YGR225W/YGR253C/YIL097W/YIR025W/YJL034W/YLR024C/YML088W/YMR067C/YMR184W/YNL155W/YOL038W/YOL082W/YOR007C/YOR261C/YOR362C/YPL052W/YPR108W	37
GO:0030437	GO:0030437	ascospore formation	28/608	110/5607	1.0274895780789e-05	0.000522116926342315	0.000466275972274401	YAL018C/YCL048W/YCR045C/YDL222C/YDR218C/YDR512C/YDR516C/YER096W/YGL170C/YGR225W/YHR139C/YJL037W/YJL038C/YKL096W/YLR054C/YLR307W/YML066C/YNL012W/YNL194C/YNL202W/YOL047C/YOL048C/YOL071W/YOL132W/YOR177C/YOR255W/YOR338W/YPL027W	28
GO:0019752	GO:0019752	carboxylic acid metabolic process	71/608	401/5607	1.22181025405272e-05	0.00057800241252038	0.000516184446964648	YAL054C/YAL062W/YBR006W/YBR026C/YBR053C/YCL040W/YCL064C/YCR005C/YDL021W/YDR272W/YDR380W/YDR516C/YDR533C/YEL071W/YER024W/YFL030W/YFR053C/YGL010W/YGL062W/YGL184C/YGL205W/YGR019W/YGR087C/YGR254W/YGR256W/YHR112C/YHR137W/YIL101C/YIL160C/YJL052W/YJL088W/YJR078W/YJR148W/YKL015W/YKL085W/YKL218C/YKR009C/YLR142W/YLR345W/YLR438W/YML004C/YML042W/YML054C/YMR020W/YMR095C/YMR110C/YMR169C/YMR170C/YMR250W/YMR303C/YMR322C/YMR323W/YNL009W/YNL117W/YNL202W/YNL274C/YNR001C/YOL058W/YOR040W/YOR100C/YOR221C/YOR317W/YOR347C/YOR374W/YOR388C/YOR391C/YOR393W/YPL280W/YPR001W/YPR002W/YPR081C	71
GO:0048468	GO:0048468	cell development	28/608	111/5607	1.23636775704185e-05	0.00057800241252038	0.000516184446964648	YAL018C/YCL048W/YCR045C/YDL222C/YDR218C/YDR512C/YDR516C/YER096W/YGL170C/YGR225W/YHR139C/YJL037W/YJL038C/YKL096W/YLR054C/YLR307W/YML066C/YNL012W/YNL194C/YNL202W/YOL047C/YOL048C/YOL071W/YOL132W/YOR177C/YOR255W/YOR338W/YPL027W	28
GO:0019941	GO:0019941	modification-dependent protein catabolic process	48/608	239/5607	1.26385367169179e-05	0.00057800241252038	0.000516184446964648	YAL005C/YBL022C/YBR062C/YBR105C/YBR114W/YBR169C/YBR170C/YBR173C/YBR280C/YDL097C/YDL126C/YDL147W/YDR059C/YDR330W/YDR358W/YDR363W-A/YDR394W/YEL012W/YER098W/YER143W/YFL044C/YFR004W/YFR010W/YFR050C/YFR052W/YGL011C/YGL141W/YGR048W/YGR066C/YGR225W/YGR253C/YIL097W/YIR025W/YJL034W/YJL048C/YLL039C/YLR024C/YML088W/YMR067C/YMR184W/YMR304W/YNL155W/YOL038W/YOL082W/YOR007C/YOR261C/YOR362C/YPR108W	48
GO:0042026	GO:0042026	protein refolding	12/608	28/5607	1.40186995573211e-05	0.000620440509440149	0.000554083744812286	YAL005C/YBL075C/YBR169C/YDR258C/YER103W/YJL034W/YLL026W/YLR216C/YLR259C/YMR186W/YOR020C/YPL240C	12
GO:0048646	GO:0048646	anatomical structure formation involved in morphogenesis	37/608	168/5607	1.55425080786986e-05	0.000666385033874201	0.000595114454065958	YAL018C/YCL048W/YCR045C/YDL222C/YDR218C/YDR512C/YDR516C/YEL060C/YER096W/YER179W/YGL170C/YGR225W/YHL024W/YHR139C/YIL073C/YIL099W/YJL037W/YJL038C/YJL048C/YJL103C/YKL096W/YLR054C/YLR307W/YML066C/YMR067C/YNL012W/YNL194C/YNL196C/YNL202W/YOL047C/YOL048C/YOL071W/YOL132W/YOR177C/YOR255W/YOR338W/YPL027W	37
GO:0043086	GO:0043086	negative regulation of catalytic activity	21/608	74/5607	2.2776483810589e-05	0.000946949569337213	0.000845672317560623	YBR170C/YBR214W/YDL126C/YDR014W-A/YER179W/YFR003C/YFR017C/YGR048W/YHR138C/YIL033C/YIL113W/YIR025W/YKL193C/YLR178C/YMR174C/YMR311C/YNL015W/YNL250W/YOR027W/YOR173W/YPL052W	21
GO:0034293	GO:0034293	sexual sporulation	28/608	115/5607	2.51697899437378e-05	0.000986655765794524	0.000881131894571755	YAL018C/YCL048W/YCR045C/YDL222C/YDR218C/YDR512C/YDR516C/YER096W/YGL170C/YGR225W/YHR139C/YJL037W/YJL038C/YKL096W/YLR054C/YLR307W/YML066C/YNL012W/YNL194C/YNL202W/YOL047C/YOL048C/YOL071W/YOL132W/YOR177C/YOR255W/YOR338W/YPL027W	28
GO:0043935	GO:0043935	sexual sporulation resulting in formation of a cellular spore	28/608	115/5607	2.51697899437378e-05	0.000986655765794524	0.000881131894571755	YAL018C/YCL048W/YCR045C/YDL222C/YDR218C/YDR512C/YDR516C/YER096W/YGL170C/YGR225W/YHR139C/YJL037W/YJL038C/YKL096W/YLR054C/YLR307W/YML066C/YNL012W/YNL194C/YNL202W/YOL047C/YOL048C/YOL071W/YOL132W/YOR177C/YOR255W/YOR338W/YPL027W	28
GO:1903008	GO:1903008	organelle disassembly	21/608	75/5607	2.84833148794905e-05	0.00102778628198078	0.000917863458819726	YAL005C/YAL008W/YBL078C/YBR170C/YCL001W-B/YDL126C/YDL149W/YDR022C/YGL180W/YIL065C/YJL036W/YJL102W/YJL185C/YKL037W/YLL026W/YLR312C/YLR356W/YNL242W/YOR019W/YOR152C/YPL166W	21
GO:0030154	GO:0030154	cell differentiation	28/608	116/5607	2.98541372686746e-05	0.00102778628198078	0.000917863458819726	YAL018C/YCL048W/YCR045C/YDL222C/YDR218C/YDR512C/YDR516C/YER096W/YGL170C/YGR225W/YHR139C/YJL037W/YJL038C/YKL096W/YLR054C/YLR307W/YML066C/YNL012W/YNL194C/YNL202W/YOL047C/YOL048C/YOL071W/YOL132W/YOR177C/YOR255W/YOR338W/YPL027W	28
GO:0046835	GO:0046835	carbohydrate phosphorylation	8/608	14/5607	3.02689782348996e-05	0.00102778628198078	0.000917863458819726	YCL040W/YCR036W/YDR009W/YDR516C/YFR053C/YIL107C/YJL155C/YLR345W	8
GO:0006511	GO:0006511	ubiquitin-dependent protein catabolic process	46/608	233/5607	3.04339153493355e-05	0.00102778628198078	0.000917863458819726	YAL005C/YBR062C/YBR105C/YBR114W/YBR169C/YBR170C/YBR173C/YBR280C/YDL097C/YDL126C/YDL147W/YDR059C/YDR330W/YDR358W/YDR363W-A/YDR394W/YEL012W/YER098W/YER143W/YFL044C/YFR004W/YFR010W/YFR050C/YFR052W/YGL011C/YGL141W/YGR048W/YGR066C/YGR225W/YGR253C/YIL097W/YIR025W/YJL034W/YJL048C/YLR024C/YML088W/YMR067C/YMR184W/YMR304W/YNL155W/YOL038W/YOL082W/YOR007C/YOR261C/YOR362C/YPR108W	46
GO:0009653	GO:0009653	anatomical structure morphogenesis	42/608	206/5607	3.07137300008834e-05	0.00102778628198078	0.000917863458819726	YAL018C/YCL048W/YCR045C/YDL126C/YDL222C/YDL223C/YDR085C/YDR218C/YDR512C/YDR516C/YEL060C/YER096W/YER179W/YGL170C/YGR225W/YHL024W/YHR139C/YIL073C/YIL099W/YJL037W/YJL038C/YJL048C/YJL103C/YKL096W/YLR054C/YLR307W/YML066C/YMR067C/YMR104C/YNL012W/YNL194C/YNL196C/YNL202W/YOL047C/YOL048C/YOL071W/YOL132W/YOR177C/YOR255W/YOR338W/YPL027W/YPL123C	42
GO:0048856	GO:0048856	anatomical structure development	42/608	206/5607	3.07137300008834e-05	0.00102778628198078	0.000917863458819726	YAL018C/YCL048W/YCR045C/YDL126C/YDL222C/YDL223C/YDR085C/YDR218C/YDR512C/YDR516C/YEL060C/YER096W/YER179W/YGL170C/YGR225W/YHL024W/YHR139C/YIL073C/YIL099W/YJL037W/YJL038C/YJL048C/YJL103C/YKL096W/YLR054C/YLR307W/YML066C/YMR067C/YMR104C/YNL012W/YNL194C/YNL196C/YNL202W/YOL047C/YOL048C/YOL071W/YOL132W/YOR177C/YOR255W/YOR338W/YPL027W/YPL123C	42
GO:0043436	GO:0043436	oxoacid metabolic process	72/608	420/5607	3.30859230483445e-05	0.00108080681957925	0.000965213394192307	YAL054C/YAL062W/YBR006W/YBR026C/YBR053C/YCL040W/YCL064C/YCR005C/YDL021W/YDR272W/YDR380W/YDR516C/YDR533C/YEL071W/YER024W/YFL030W/YFR053C/YGL010W/YGL062W/YGL184C/YGL205W/YGR019W/YGR087C/YGR254W/YGR256W/YHR112C/YHR137W/YIL101C/YIL160C/YJL052W/YJL088W/YJR078W/YJR148W/YKL015W/YKL085W/YKL218C/YKR009C/YKR034W/YLR142W/YLR345W/YLR438W/YML004C/YML042W/YML054C/YMR020W/YMR095C/YMR110C/YMR169C/YMR170C/YMR250W/YMR303C/YMR322C/YMR323W/YNL009W/YNL117W/YNL202W/YNL274C/YNR001C/YOL058W/YOR040W/YOR100C/YOR221C/YOR317W/YOR347C/YOR374W/YOR388C/YOR391C/YOR393W/YPL280W/YPR001W/YPR002W/YPR081C	72
GO:0061077	GO:0061077	chaperone-mediated protein folding	11/608	26/5607	3.73593537543132e-05	0.001162818828555	0.00103845413260551	YAL005C/YBL075C/YDR258C/YDR533C/YER103W/YJL034W/YLL026W/YOR007C/YOR020C/YOR391C/YPL280W	11
GO:0006081	GO:0006081	cellular aldehyde metabolic process	13/608	35/5607	3.87041692346891e-05	0.001162818828555	0.00103845413260551	YDR272W/YDR533C/YML004C/YMR095C/YMR110C/YMR322C/YNL009W/YNL117W/YNL274C/YOR040W/YOR391C/YPL088W/YPL280W	13
GO:0006082	GO:0006082	organic acid metabolic process	72/608	422/5607	3.89599471805626e-05	0.001162818828555	0.00103845413260551	YAL054C/YAL062W/YBR006W/YBR026C/YBR053C/YCL040W/YCL064C/YCR005C/YDL021W/YDR272W/YDR380W/YDR516C/YDR533C/YEL071W/YER024W/YFL030W/YFR053C/YGL010W/YGL062W/YGL184C/YGL205W/YGR019W/YGR087C/YGR254W/YGR256W/YHR112C/YHR137W/YIL101C/YIL160C/YJL052W/YJL088W/YJR078W/YJR148W/YKL015W/YKL085W/YKL218C/YKR009C/YKR034W/YLR142W/YLR345W/YLR438W/YML004C/YML042W/YML054C/YMR020W/YMR095C/YMR110C/YMR169C/YMR170C/YMR250W/YMR303C/YMR322C/YMR323W/YNL009W/YNL117W/YNL202W/YNL274C/YNR001C/YOL058W/YOR040W/YOR100C/YOR221C/YOR317W/YOR347C/YOR374W/YOR388C/YOR391C/YOR393W/YPL280W/YPR001W/YPR002W/YPR081C	72
GO:0006508	GO:0006508	proteolysis	67/608	385/5607	3.8986637108987e-05	0.001162818828555	0.00103845413260551	YAL005C/YBL022C/YBL075C/YBR062C/YBR105C/YBR114W/YBR139W/YBR169C/YBR170C/YBR173C/YBR280C/YCL044C/YCR045C/YDL097C/YDL126C/YDL147W/YDR059C/YDR231C/YDR330W/YDR358W/YDR363W-A/YDR394W/YEL012W/YEL060C/YER098W/YER143W/YFL044C/YFR004W/YFR010W/YFR050C/YFR052W/YGL011C/YGL141W/YGL259W/YGR048W/YGR066C/YGR225W/YGR231C/YGR253C/YHR138C/YIL097W/YIR025W/YIR039C/YJL034W/YJL048C/YKL103C/YLL039C/YLR024C/YLR178C/YLR299W/YML088W/YMR067C/YMR174C/YMR184W/YMR297W/YMR304W/YNL015W/YNL155W/YOL038W/YOL082W/YOR003W/YOR007C/YOR261C/YOR362C/YPL052W/YPL154C/YPR108W	67
GO:0046395	GO:0046395	carboxylic acid catabolic process	24/608	94/5607	4.16732914438363e-05	0.00121650544384986	0.00108639890796474	YBR006W/YCL064C/YDR380W/YGL010W/YGL205W/YGR019W/YGR087C/YGR256W/YHR137W/YIL101C/YIL160C/YJR078W/YJR148W/YKL015W/YKR009C/YLR142W/YLR438W/YMR250W/YMR303C/YNL009W/YNL202W/YNL274C/YOR388C/YPR001W	24
GO:0016054	GO:0016054	organic acid catabolic process	24/608	95/5607	5.01916624042775e-05	0.0014346450170556	0.00128120822453024	YBR006W/YCL064C/YDR380W/YGL010W/YGL205W/YGR019W/YGR087C/YGR256W/YHR137W/YIL101C/YIL160C/YJR078W/YJR148W/YKL015W/YKR009C/YLR142W/YLR438W/YMR250W/YMR303C/YNL009W/YNL202W/YNL274C/YOR388C/YPR001W	24
GO:0043632	GO:0043632	modification-dependent macromolecule catabolic process	49/608	260/5607	5.95127690014199e-05	0.00166635753203976	0.00148813884248448	YAL005C/YBL022C/YBR062C/YBR105C/YBR114W/YBR169C/YBR170C/YBR173C/YBR280C/YDL097C/YDL126C/YDL147W/YDR059C/YDR330W/YDR358W/YDR363W-A/YDR394W/YEL012W/YER098W/YER143W/YFL044C/YFR004W/YFR010W/YFR050C/YFR052W/YGL011C/YGL141W/YGR048W/YGR066C/YGR225W/YGR253C/YIL097W/YIR025W/YJL034W/YJL048C/YLL039C/YLR024C/YML088W/YML118W/YMR067C/YMR184W/YMR304W/YNL155W/YOL038W/YOL082W/YOR007C/YOR261C/YOR362C/YPR108W	49
GO:0046365	GO:0046365	monosaccharide catabolic process	9/608	19/5607	6.62705488462973e-05	0.0018184638603424	0.00162397723909663	YBR018C/YBR019C/YCR036W/YGL156W/YHR104W/YJR096W/YLR070C/YMR105C/YOR120W	9
GO:0009311	GO:0009311	oligosaccharide metabolic process	12/608	32/5607	6.90725992282166e-05	0.00185659646815831	0.00165803152442556	YBR126C/YDR001C/YDR074W/YGL156W/YGR256W/YKL035W/YLL026W/YML100W/YMR105C/YMR196W/YMR261C/YPR026W	12
GO:0019318	GO:0019318	hexose metabolic process	19/608	68/5607	7.03666299885074e-05	0.00185659646815831	0.00165803152442556	YBR018C/YBR019C/YBR105C/YCL040W/YDR009W/YEL012W/YFR053C/YGL062W/YGL156W/YGR066C/YHR104W/YIL097W/YIL107C/YJL052W/YJL089W/YJL155C/YKR097W/YLR345W/YMR105C	19
GO:0048869	GO:0048869	cellular developmental process	28/608	123/5607	9.16761469702419e-05	0.00237320138949381	0.00211938500642228	YAL018C/YCL048W/YCR045C/YDL222C/YDR218C/YDR512C/YDR516C/YER096W/YGL170C/YGR225W/YHR139C/YJL037W/YJL038C/YKL096W/YLR054C/YLR307W/YML066C/YNL012W/YNL194C/YNL202W/YOL047C/YOL048C/YOL071W/YOL132W/YOR177C/YOR255W/YOR338W/YPL027W	28
GO:0006457	GO:0006457	protein folding	27/608	117/5607	9.53054244311155e-05	0.00240957514818928	0.00215186855339292	YAL005C/YAL053W/YBL075C/YBR072W/YBR169C/YBR269C/YDR214W/YDR258C/YDR453C/YDR533C/YER103W/YGR231C/YJL034W/YKL117W/YKL195W/YLL026W/YLR216C/YLR259C/YMR186W/YNL281W/YOR007C/YOR020C/YOR027W/YOR288C/YOR391C/YPL240C/YPL280W	27
GO:1901615	GO:1901615	organic hydroxy compound metabolic process	34/608	162/5607	9.65937559405325e-05	0.00240957514818928	0.00215186855339292	YAL060W/YAL061W/YDL244W/YDR272W/YDR380W/YDR533C/YEL070W/YEL071W/YER024W/YER062C/YFL053W/YFL058W/YGL047W/YGR087C/YIL155C/YKL150W/YLR070C/YLR251W/YML004C/YML054C/YML070W/YMR095C/YMR101C/YMR303C/YMR322C/YNL009W/YNL156C/YNL332W/YOL151W/YOR040W/YOR120W/YOR374W/YOR391C/YPL280W	34
GO:0005978	GO:0005978	glycogen biosynthetic process	10/608	24/5607	9.94408074610793e-05	0.00243629978279644	0.00217573496023865	YAL017W/YEL011W/YER054C/YFR017C/YKL035W/YLR258W/YMR105C/YMR311C/YOR178C/YPR184W	10
GO:0044042	GO:0044042	glucan metabolic process	17/608	61/5607	0.000174170286240685	0.00419230934600385	0.00374393745492442	YAL017W/YBR056W/YEL011W/YER054C/YFR003C/YFR017C/YHL012W/YIL099W/YJL034W/YKL035W/YLR258W/YMR105C/YMR311C/YOL132W/YOR178C/YPR160W/YPR184W	17
GO:0032502	GO:0032502	developmental process	44/608	236/5607	0.000183880259554609	0.00434971924325731	0.00388451219821352	YAL018C/YCL048W/YCR045C/YDL126C/YDL222C/YDL223C/YDR085C/YDR202C/YDR218C/YDR512C/YDR516C/YEL060C/YER096W/YER179W/YGL170C/YGR225W/YHL024W/YHR139C/YIL073C/YIL099W/YJL037W/YJL038C/YJL048C/YJL103C/YKL096W/YLR054C/YLR307W/YML066C/YMR067C/YMR104C/YNL012W/YNL194C/YNL196C/YNL202W/YOL047C/YOL048C/YOL071W/YOL132W/YOR177C/YOR208W/YOR255W/YOR338W/YPL027W/YPL123C	44
GO:0006090	GO:0006090	pyruvate metabolic process	13/608	40/5607	0.00018878494650379	0.00439004994242711	0.00392052948671563	YCL040W/YDL021W/YDR516C/YFR053C/YGL062W/YGR254W/YJL052W/YKL218C/YLR345W/YMR323W/YOR347C/YOR374W/YOR393W	13
GO:0006458	GO:0006458	'de novo' protein folding	10/608	26/5607	0.000220115130713858	0.00503329932232355	0.00449498266931457	YAL005C/YBL075C/YDR258C/YER103W/YJL034W/YLL026W/YLR259C/YMR186W/YOR020C/YPL240C	10
GO:0051346	GO:0051346	negative regulation of hydrolase activity	9/608	22/5607	0.000264293667551137	0.00594444117836328	0.00530867694615226	YBR214W/YFR003C/YHR138C/YKL193C/YLR178C/YMR174C/YMR311C/YNL015W/YNL250W	9
GO:0045861	GO:0045861	negative regulation of proteolysis	7/608	14/5607	0.000295119850588785	0.00653071669367441	0.00583224967886836	YFR010W/YGR231C/YHR138C/YIR025W/YLR178C/YMR174C/YNL015W	7
GO:0097237	GO:0097237	cellular response to toxic substance	12/608	37/5607	0.000340155084381627	0.00732511084943716	0.00654168254468686	YBL064C/YCL035C/YDR453C/YDR513W/YFL053W/YGR088W/YHR008C/YIR038C/YKL026C/YKL086W/YKR076W/YML070W	12
GO:0009266	GO:0009266	response to temperature stimulus	18/608	70/5607	0.000341696132918352	0.00732511084943716	0.00654168254468686	YBR072W/YBR126C/YCR021C/YDR059C/YDR074W/YDR214W/YDR258C/YFL014W/YGL073W/YLL026W/YML007W/YMR186W/YOL052C-A/YOL081W/YOR007C/YOR178C/YPL240C/YPR026W	18
GO:0070726	GO:0070726	cell wall assembly	14/608	48/5607	0.000386088555548811	0.00814943843404566	0.00727784742767312	YAL018C/YCL048W/YCR045C/YGR225W/YHR139C/YJL037W/YJL038C/YLR054C/YLR307W/YNL160W/YOL047C/YOL048C/YOL132W/YOR255W	14
GO:0022413	GO:0022413	reproductive process in single-celled organism	29/608	140/5607	0.0003934934580374	0.00817989430950474	0.00730504601523977	YAL018C/YCL048W/YCR045C/YDL222C/YDR218C/YDR512C/YDR516C/YER096W/YGL170C/YGR225W/YHR139C/YJL037W/YJL038C/YKL096W/YKL178C/YLR054C/YLR307W/YML066C/YNL012W/YNL194C/YNL202W/YOL047C/YOL048C/YOL071W/YOL132W/YOR177C/YOR255W/YOR338W/YPL027W	29
GO:0010927	GO:0010927	cellular component assembly involved in morphogenesis	18/608	71/5607	0.000412558269161366	0.00844820813864767	0.00754466339833197	YAL018C/YCL048W/YCR045C/YGR225W/YHR139C/YJL037W/YJL038C/YKL096W/YLR054C/YLR307W/YML066C/YNL012W/YOL047C/YOL048C/YOL132W/YOR177C/YOR255W/YPL027W	18
GO:0006096	GO:0006096	glycolytic process	10/608	28/5607	0.000444646588659268	0.00897139881824287	0.00801189828482024	YCL040W/YDL021W/YDR516C/YFR053C/YGR254W/YJL052W/YLR345W/YMR323W/YOR347C/YOR393W	10
GO:0043248	GO:0043248	proteasome assembly	11/608	33/5607	0.000459726154792315	0.00908358274775492	0.00811208402515477	YBR173C/YDL097C/YDL110C/YDR363W-A/YDR394W/YFR004W/YFR050C/YHL030W/YHR030C/YMR186W/YPL240C	11
GO:0003006	GO:0003006	developmental process involved in reproduction	30/608	148/5607	0.000463448099375251	0.00908358274775492	0.00811208402515477	YAL018C/YCL048W/YCR045C/YDL222C/YDL223C/YDR085C/YDR218C/YDR512C/YDR516C/YER096W/YGL170C/YGR225W/YHR139C/YJL037W/YJL038C/YKL096W/YLR054C/YLR307W/YML066C/YNL012W/YNL194C/YNL202W/YOL047C/YOL048C/YOL071W/YOL132W/YOR177C/YOR255W/YOR338W/YPL027W	30
GO:0005976	GO:0005976	polysaccharide metabolic process	18/608	73/5607	0.000593153531659743	0.0114620654286925	0.0102361854833497	YAL017W/YBR056W/YEL011W/YER054C/YFR003C/YFR017C/YHL012W/YIL099W/YJL034W/YKL035W/YLR258W/YLR307W/YMR105C/YMR311C/YOL132W/YOR178C/YPR160W/YPR184W	18
GO:0032989	GO:0032989	cellular component morphogenesis	18/608	74/5607	0.000706531710862369	0.0134633542680996	0.0120234343778333	YAL018C/YCL048W/YCR045C/YGR225W/YHR139C/YJL037W/YJL038C/YKL096W/YLR054C/YLR307W/YML066C/YNL012W/YOL047C/YOL048C/YOL132W/YOR177C/YOR255W/YPL027W	18
GO:0007039	GO:0007039	protein catabolic process in the vacuole	6/608	12/5607	0.000825295389343701	0.0152474612731477	0.0136167292634218	YBR105C/YEL060C/YGR023W/YGR066C/YMR174C/YOR003W	6
GO:0009065	GO:0009065	glutamine family amino acid catabolic process	6/608	12/5607	0.000825295389343701	0.0152474612731477	0.0136167292634218	YBR006W/YIL101C/YKL015W/YLR142W/YLR438W/YMR250W	6
GO:0030476	GO:0030476	ascospore wall assembly	13/608	46/5607	0.000864200123230995	0.0152474612731477	0.0136167292634218	YAL018C/YCL048W/YCR045C/YGR225W/YHR139C/YJL037W/YJL038C/YLR054C/YLR307W/YOL047C/YOL048C/YOL132W/YOR255W	13
GO:0042244	GO:0042244	spore wall assembly	13/608	46/5607	0.000864200123230995	0.0152474612731477	0.0136167292634218	YAL018C/YCL048W/YCR045C/YGR225W/YHR139C/YJL037W/YJL038C/YLR054C/YLR307W/YOL047C/YOL048C/YOL132W/YOR255W	13
GO:0045229	GO:0045229	external encapsulating structure organization	41/608	231/5607	0.000866838177336386	0.0152474612731477	0.0136167292634218	YAL018C/YBL043W/YBL101C/YBR005W/YBR076W/YCL048W/YCR045C/YDL222C/YDR055W/YDR074W/YDR077W/YEL049W/YER033C/YER096W/YER150W/YGR023W/YGR225W/YHR030C/YHR139C/YIR039C/YJL037W/YJL038C/YJL116C/YJL159W/YJL160C/YKL096W/YKL129C/YKL163W/YKR076W/YLR054C/YLR194C/YLR307W/YMR104C/YNL160W/YNL194C/YOL047C/YOL048C/YOL132W/YOR134W/YOR255W/YPR030W	41
GO:0071555	GO:0071555	cell wall organization	41/608	231/5607	0.000866838177336386	0.0152474612731477	0.0136167292634218	YAL018C/YBL043W/YBL101C/YBR005W/YBR076W/YCL048W/YCR045C/YDL222C/YDR055W/YDR074W/YDR077W/YEL049W/YER033C/YER096W/YER150W/YGR023W/YGR225W/YHR030C/YHR139C/YIR039C/YJL037W/YJL038C/YJL116C/YJL159W/YJL160C/YKL096W/YKL129C/YKL163W/YKR076W/YLR054C/YLR194C/YLR307W/YMR104C/YNL160W/YNL194C/YOL047C/YOL048C/YOL132W/YOR134W/YOR255W/YPR030W	41
GO:0019362	GO:0019362	pyridine nucleotide metabolic process	12/608	41/5607	0.000965550389758752	0.0167687991740381	0.014975358476738	YBR117C/YEL041W/YGL037C/YGR043C/YGR248W/YGR256W/YJR078W/YKL151C/YMR315W/YNL009W/YNL200C/YOR374W	12
GO:0051156	GO:0051156	glucose 6-phosphate metabolic process	8/608	21/5607	0.00102634208171749	0.0174122222388313	0.0155499667684514	YBR117C/YCL040W/YDR516C/YFR053C/YGR043C/YGR248W/YGR256W/YMR105C	8
GO:0031668	GO:0031668	cellular response to extracellular stimulus	26/608	128/5607	0.00105528003501226	0.0174122222388313	0.0155499667684514	YBL078C/YBR126C/YBR214W/YDR001C/YDR009W/YDR506C/YDR533C/YEL060C/YER037W/YGR008C/YGR023W/YIL033C/YJL089W/YJL103C/YKR034W/YLR270W/YMR175W/YMR280C/YMR322C/YOL052C-A/YOR173W/YOR391C/YPL154C/YPL230W/YPL280W/YPR026W	26
GO:0071496	GO:0071496	cellular response to external stimulus	26/608	128/5607	0.00105528003501226	0.0174122222388313	0.0155499667684514	YBL078C/YBR126C/YBR214W/YDR001C/YDR009W/YDR506C/YDR533C/YEL060C/YER037W/YGR008C/YGR023W/YIL033C/YJL089W/YJL103C/YKR034W/YLR270W/YMR175W/YMR280C/YMR322C/YOL052C-A/YOR173W/YOR391C/YPL154C/YPL230W/YPL280W/YPR026W	26
GO:0070590	GO:0070590	spore wall biogenesis	13/608	47/5607	0.00107874554686637	0.0174122222388313	0.0155499667684514	YAL018C/YCL048W/YCR045C/YGR225W/YHR139C/YJL037W/YJL038C/YLR054C/YLR307W/YOL047C/YOL048C/YOL132W/YOR255W	13
GO:0070591	GO:0070591	ascospore wall biogenesis	13/608	47/5607	0.00107874554686637	0.0174122222388313	0.0155499667684514	YAL018C/YCL048W/YCR045C/YGR225W/YHR139C/YJL037W/YJL038C/YLR054C/YLR307W/YOL047C/YOL048C/YOL132W/YOR255W	13
GO:0071940	GO:0071940	fungal-type cell wall assembly	13/608	47/5607	0.00107874554686637	0.0174122222388313	0.0155499667684514	YAL018C/YCL048W/YCR045C/YGR225W/YHR139C/YJL037W/YJL038C/YLR054C/YLR307W/YOL047C/YOL048C/YOL132W/YOR255W	13
GO:0098869	GO:0098869	cellular oxidant detoxification	10/608	31/5607	0.00111197615452661	0.0175745529928289	0.0156949360776836	YBL064C/YCL035C/YDR453C/YDR513W/YGR088W/YHR008C/YIR038C/YKL026C/YKL086W/YKR076W	10
GO:0005984	GO:0005984	disaccharide metabolic process	9/608	26/5607	0.0011144213632479	0.0175745529928289	0.0156949360776836	YBR126C/YDR001C/YDR074W/YKL035W/YLL026W/YML100W/YMR105C/YMR261C/YPR026W	9
GO:1903046	GO:1903046	meiotic cell cycle process	44/608	256/5607	0.00113031463155932	0.0176226326647657	0.0157378735781704	YAL018C/YBR186W/YCL048W/YCR045C/YDL222C/YDR014W-A/YDR218C/YDR512C/YDR516C/YER096W/YER106W/YER179W/YGL170C/YGL249W/YGR044C/YGR225W/YHL024W/YHR139C/YIL073C/YIR025W/YJL037W/YJL038C/YKL096W/YLR054C/YLR307W/YML032C/YML066C/YML128C/YMR133W/YNL012W/YNL194C/YNL202W/YNL250W/YOL047C/YOL048C/YOL071W/YOL132W/YOR177C/YOR255W/YOR338W/YOR351C/YPL017C/YPL027W/YPR007C	44
GO:0072524	GO:0072524	pyridine-containing compound metabolic process	14/608	53/5607	0.00115224771213506	0.0177627400117899	0.0158629962971639	YBR117C/YEL041W/YGL037C/YGR043C/YGR248W/YGR256W/YJR078W/YKL151C/YMR095C/YMR315W/YNL009W/YNL200C/YOR374W/YPR127W	14
GO:0044805	GO:0044805	late nucleophagy	7/608	17/5607	0.00124902765261597	0.0190407326598791	0.0170043062882455	YBL078C/YDL149W/YDR022C/YGL180W/YLR431C/YNL242W/YPL166W	7
GO:0000422	GO:0000422	autophagy of mitochondrion	13/608	48/5607	0.00133601814364146	0.0197098590653343	0.0176018689213205	YAL008W/YBL078C/YDL149W/YDR022C/YGL180W/YIL065C/YJL036W/YJL185C/YKL037W/YLR356W/YNL242W/YOR019W/YPL166W	13
GO:0042180	GO:0042180	cellular ketone metabolic process	13/608	48/5607	0.00133601814364146	0.0197098590653343	0.0176018689213205	YDL124W/YDR204W/YDR272W/YDR533C/YHR137W/YJR078W/YKL015W/YML004C/YMR110C/YMR322C/YOR040W/YOR391C/YPL280W	13
GO:0061726	GO:0061726	mitochondrion disassembly	13/608	48/5607	0.00133601814364146	0.0197098590653343	0.0176018689213205	YAL008W/YBL078C/YDL149W/YDR022C/YGL180W/YIL065C/YJL036W/YJL185C/YKL037W/YLR356W/YNL242W/YOR019W/YPL166W	13
GO:0009408	GO:0009408	response to heat	16/608	66/5607	0.00143245304388764	0.0209077188958919	0.0186716163839329	YBR072W/YBR126C/YCR021C/YDR059C/YDR074W/YDR214W/YDR258C/YFL014W/YGL073W/YLL026W/YML007W/YMR186W/YOL052C-A/YOR007C/YOR178C/YPL240C	16
GO:0046364	GO:0046364	monosaccharide biosynthetic process	10/608	32/5607	0.00146326136701175	0.021132574689896	0.018872423614423	YBR053C/YBR105C/YEL012W/YGL062W/YGR066C/YIL097W/YJL052W/YJL089W/YKR097W/YLR070C	10
GO:0009057	GO:0009057	macromolecule catabolic process	70/608	461/5607	0.00169215228640435	0.0239666080134208	0.0214033540951525	YAL005C/YBL022C/YBL075C/YBR056W/YBR062C/YBR105C/YBR114W/YBR169C/YBR170C/YBR173C/YBR280C/YCL001W-B/YCL044C/YDL097C/YDL126C/YDL147W/YDR059C/YDR330W/YDR358W/YDR363W-A/YDR374C/YDR394W/YEL012W/YEL060C/YER098W/YER143W/YFL044C/YFR004W/YFR010W/YFR017C/YFR050C/YFR052W/YGL011C/YGL141W/YGR023W/YGR048W/YGR066C/YGR225W/YGR253C/YIL097W/YIL099W/YIR025W/YJL034W/YJL048C/YJR091C/YLL039C/YLR024C/YLR270W/YLR307W/YML088W/YML118W/YMR067C/YMR174C/YMR184W/YMR304W/YNL155W/YOL038W/YOL082W/YOR003W/YOR007C/YOR173W/YOR261C/YOR362C/YPL052W/YPL123C/YPL154C/YPR108W/YPR151C/YPR160W/YPR184W	70
GO:0031505	GO:0031505	fungal-type cell wall organization	34/608	188/5607	0.00169443219919957	0.0239666080134208	0.0214033540951525	YAL018C/YCL048W/YCR045C/YDL222C/YDR055W/YDR074W/YDR077W/YEL049W/YER033C/YER150W/YGR023W/YGR225W/YHR030C/YHR139C/YIR039C/YJL037W/YJL038C/YJL116C/YJL159W/YJL160C/YKL096W/YKL129C/YKL163W/YLR054C/YLR194C/YLR307W/YMR104C/YNL194C/YOL047C/YOL048C/YOL132W/YOR134W/YOR255W/YPR030W	34
GO:2000278	GO:2000278	regulation of DNA biosynthetic process	7/608	18/5607	0.00185506214562753	0.0259708700387854	0.0231932581902304	YBR170C/YDL059C/YDL126C/YGL037C/YGR048W/YKL117W/YPL240C	7
GO:0006739	GO:0006739	NADP metabolic process	8/608	23/5607	0.00203185484449816	0.0280852321047608	0.0250814870108497	YBR117C/YEL041W/YGR043C/YGR248W/YGR256W/YMR315W/YNL009W/YOR374W	8
GO:0009063	GO:0009063	amino acid catabolic process	14/608	56/5607	0.0020470285790642	0.0280852321047608	0.0250814870108497	YBR006W/YCL064C/YDR380W/YGR019W/YGR087C/YHR137W/YIL101C/YJR078W/YJR148W/YKL015W/YLR142W/YLR438W/YMR250W/YMR303C	14
GO:0009991	GO:0009991	response to extracellular stimulus	29/608	155/5607	0.00214559165419422	0.0291460569262818	0.0260288555026792	YBL078C/YBR126C/YBR214W/YCR010C/YDR001C/YDR009W/YDR506C/YDR533C/YEL060C/YER037W/YGR008C/YGR023W/YGR066C/YIL033C/YJL089W/YJL103C/YKR034W/YLR270W/YMR175W/YMR280C/YMR322C/YNR002C/YOL052C-A/YOR173W/YOR391C/YPL154C/YPL230W/YPL280W/YPR026W	29
GO:0006536	GO:0006536	glutamate metabolic process	6/608	14/5607	0.00221682850580768	0.0298185167643935	0.0266293950542842	YAL062W/YBR006W/YKL015W/YLR142W/YLR438W/YMR250W	6
GO:0019321	GO:0019321	pentose metabolic process	5/608	10/5607	0.00233327876399013	0.0310801792640239	0.0277561214234493	YCR036W/YHR104W/YJR096W/YLR070C/YOR120W	5
GO:0072329	GO:0072329	monocarboxylic acid catabolic process	10/608	34/5607	0.00243515675046259	0.0321253371311026	0.0286894985580815	YGL010W/YGL205W/YGR256W/YIL160C/YKR009C/YNL009W/YNL202W/YNL274C/YOR388C/YPR001W	10
GO:0019400	GO:0019400	alditol metabolic process	7/608	19/5607	0.0026663611394927	0.0341892288166728	0.0305326548585294	YEL070W/YER062C/YFL053W/YIL155C/YLR070C/YML070W/YOR120W	7
GO:0051084	GO:0051084	'de novo' post-translational protein folding	7/608	19/5607	0.0026663611394927	0.0341892288166728	0.0305326548585294	YAL005C/YBL075C/YDR258C/YER103W/YJL034W/YLL026W/YOR020C	7
GO:0051085	GO:0051085	chaperone cofactor-dependent protein refolding	7/608	19/5607	0.0026663611394927	0.0341892288166728	0.0305326548585294	YAL005C/YBL075C/YDR258C/YER103W/YJL034W/YLL026W/YOR020C	7
GO:0046496	GO:0046496	nicotinamide nucleotide metabolic process	11/608	40/5607	0.00271023946634542	0.0344300791465363	0.0307477459924568	YBR117C/YEL041W/YGR043C/YGR248W/YGR256W/YJR078W/YKL151C/YMR315W/YNL009W/YNL200C/YOR374W	11
GO:0009250	GO:0009250	glucan biosynthetic process	12/608	46/5607	0.00286602411792281	0.0360750925668816	0.0322168234984274	YAL017W/YEL011W/YER054C/YFR017C/YJL034W/YKL035W/YLR258W/YMR105C/YMR311C/YOL132W/YOR178C/YPR184W	12
GO:1990748	GO:1990748	cellular detoxification	10/608	35/5607	0.0030853820082902	0.0384831283215833	0.0343673172980842	YBL064C/YCL035C/YDR453C/YDR513W/YGR088W/YHR008C/YIR038C/YKL026C/YKL086W/YKR076W	10
GO:0061912	GO:0061912	selective autophagy	11/608	41/5607	0.0033499587944272	0.0409531784693759	0.0365731929863078	YBL078C/YDL126C/YDL149W/YEL060C/YGL180W/YJL185C/YLR312C/YNL242W/YOL082W/YOR152C/YPL154C	11
GO:0061709	GO:0061709	reticulophagy	6/608	15/5607	0.00336007278713523	0.0409531784693759	0.0365731929863078	YBL078C/YDL149W/YGL180W/YLR312C/YNL242W/YOR152C	6
GO:0071554	GO:0071554	cell wall organization or biogenesis	45/608	278/5607	0.00341437015894293	0.0409531784693759	0.0365731929863078	YAL018C/YAL053W/YBL043W/YBL101C/YBR005W/YBR076W/YCL048W/YCR045C/YDL222C/YDR055W/YDR074W/YDR077W/YEL049W/YER033C/YER096W/YER150W/YGR023W/YGR225W/YHR030C/YHR139C/YIL113W/YIR039C/YJL034W/YJL037W/YJL038C/YJL116C/YJL159W/YJL160C/YKL096W/YKL129C/YKL163W/YKR076W/YLR054C/YLR194C/YLR307W/YMR104C/YNL160W/YNL194C/YOL047C/YOL048C/YOL132W/YOR134W/YOR255W/YOR365C/YPR030W	45
GO:0071852	GO:0071852	fungal-type cell wall organization or biogenesis	37/608	218/5607	0.00342893707629683	0.0409531784693759	0.0365731929863078	YAL018C/YAL053W/YCL048W/YCR045C/YDL222C/YDR055W/YDR074W/YDR077W/YEL049W/YER033C/YER150W/YGR023W/YGR225W/YHR030C/YHR139C/YIR039C/YJL034W/YJL037W/YJL038C/YJL116C/YJL159W/YJL160C/YKL096W/YKL129C/YKL163W/YLR054C/YLR194C/YLR307W/YMR104C/YNL194C/YOL047C/YOL048C/YOL132W/YOR134W/YOR255W/YOR365C/YPR030W	37
GO:0006099	GO:0006099	tricarboxylic acid cycle	9/608	30/5607	0.00343266437607743	0.0409531784693759	0.0365731929863078	YCR005C/YJL045W/YKL085W/YMR118C/YNL009W/YNL117W/YNR001C/YOL071W/YPR001W	9
GO:0009628	GO:0009628	response to abiotic stimulus	33/608	189/5607	0.00354150865644053	0.0418874989365207	0.0374075868974299	YAL005C/YAL028W/YAL053W/YBR072W/YBR126C/YCR021C/YDR001C/YDR059C/YDR074W/YDR214W/YDR258C/YER062C/YER150W/YER179W/YFL014W/YGL073W/YGR008C/YGR066C/YHR030C/YHR104W/YKL103C/YKL129C/YLL026W/YML007W/YMR175W/YMR186W/YOL052C-A/YOL081W/YOR007C/YOR178C/YOR386W/YPL240C/YPR026W	33
GO:0070193	GO:0070193	synaptonemal complex organization	7/608	20/5607	0.0037245767328756	0.0436762331410711	0.0390050140986702	YDR014W-A/YDR506C/YER179W/YGL249W/YGR225W/YIL073C/YPR007C	7
GO:0009251	GO:0009251	glucan catabolic process	5/608	11/5607	0.00389930239991066	0.0453376516328596	0.0404887421364497	YBR056W/YFR017C/YIL099W/YPR160W/YPR184W	5
GO:0051321	GO:0051321	meiotic cell cycle	49/608	311/5607	0.00400672145165194	0.0461951414425753	0.0412545225097113	YAL018C/YBR186W/YCL048W/YCR010C/YCR045C/YDL222C/YDR014W-A/YDR218C/YDR506C/YDR512C/YDR516C/YER096W/YER106W/YER179W/YGL170C/YGL249W/YGR044C/YGR225W/YHL024W/YHR124W/YHR139C/YIL073C/YIR025W/YJL037W/YJL038C/YKL096W/YLR054C/YLR307W/YML032C/YML066C/YML128C/YMR133W/YNL012W/YNL194C/YNL196C/YNL202W/YNL250W/YOL047C/YOL048C/YOL071W/YOL132W/YOR177C/YOR178C/YOR255W/YOR338W/YOR351C/YPL017C/YPL027W/YPR007C	49
GO:0044242	GO:0044242	cellular lipid catabolic process	12/608	48/5607	0.00419306774183287	0.0479407411816225	0.0428134285218725	YBR183W/YDR058C/YGL010W/YGL205W/YIL160C/YKR009C/YNL009W/YNL012W/YNL202W/YPL087W/YPL110C/YPR001W	12
